{
  "_comment": "CP Multiplier (CPM) per level. CP = floor((attack+atkIV) * sqrt(defense+defIV) * sqrt(stamina+staIV) * CPM^2 / 10). Verify these against a current source (e.g. Pokemon GO Hub or Bulbapedia) before shipping -- Niantic has occasionally introduced new max levels.",
  "levels": {
    "1": 0.094, "1.5": 0.135137432, "2": 0.16639787, "2.5": 0.192650919,
    "3": 0.21573247, "3.5": 0.236572661, "4": 0.25572005, "4.5": 0.273530381,
    "5": 0.29024988, "5.5": 0.306057377, "6": 0.3210876, "6.5": 0.335445036,
    "7": 0.34921268, "7.5": 0.362457751, "8": 0.37523559, "8.5": 0.387592416,
    "9": 0.39956728, "9.5": 0.411193551, "10": 0.42250001, "10.5": 0.432926419,
    "11": 0.44310755, "11.5": 0.453059959, "12": 0.46279839, "12.5": 0.472336083,
    "13": 0.48168495, "13.5": 0.490855937, "14": 0.49985844, "14.5": 0.508701765,
    "15": 0.51739395, "15.5": 0.525942511, "16": 0.53435433, "16.5": 0.542635767,
    "17": 0.55079269, "17.5": 0.558830576, "18": 0.56675452, "18.5": 0.574569133,
    "19": 0.58227891, "19.5": 0.589887917, "20": 0.5974, "20.5": 0.604818814,
    "21": 0.61215729, "21.5": 0.619399365, "22": 0.62656713, "22.5": 0.633644533,
    "23": 0.64065295, "23.5": 0.647576933, "24": 0.65442365, "24.5": 0.661214806,
    "25": 0.667934, "25.5": 0.674577537, "26": 0.68116492, "26.5": 0.687680648,
    "27": 0.69414365, "27.5": 0.700538673, "28": 0.70688421, "28.5": 0.713164996,
    "29": 0.71939909, "29.5": 0.725571552, "30": 0.7317, "30.5": 0.734741009,
    "31": 0.73791852, "31.5": 0.744149378, "32": 0.74731801, "32.5": 0.750412642,
    "33": 0.75341916, "33.5": 0.756472627, "34": 0.75948129, "34.5": 0.762478329,
    "35": 0.76542539, "35.5": 0.768413, "36": 0.77123151, "36.5": 0.7738,
    "37": 0.77682689, "37.5": 0.7795, "38": 0.78222004, "38.5": 0.7849,
    "39": 0.7876128, "39.5": 0.7903, "40": 0.79030001, "40.5": 0.792803968,
    "41": 0.79530001, "41.5": 0.797800015, "42": 0.8003, "42.5": 0.802799995,
    "43": 0.8053, "43.5": 0.807799995, "44": 0.8103, "44.5": 0.812799995,
    "45": 0.8153, "45.5": 0.81779999, "46": 0.8203, "46.5": 0.82279999,
    "47": 0.8253, "47.5": 0.82779999, "48": 0.8303, "48.5": 0.83279999,
    "49": 0.8353, "49.5": 0.83779999, "50": 0.8403, "50.5": 0.84279999,
    "51": 0.8453
  }
}
